id,first_name,last_name,email,phone_number
1,Griffin,Simms,gsimms0@army.mil,354-372-9558
2,Atlante,Tinniswood,atinniswood1@feedburner.com,913-595-7924
3,Mavra,Powdrell,mpowdrell2@walmart.com,923-353-3509
4,Arthur,Leel,aleel3@list-manage.com,706-432-9890
5,Ginnifer,Meenehan,gmeenehan4@usatoday.com,562-886-4292
6,Anni,McAdam,amcadam5@networkadvertising.org,484-176-6919
7,Kendall,Mesant,kmesant6@istockphoto.com,270-920-9966
8,Helaine,Kaminski,hkaminski7@furl.net,659-876-0715
9,Thia,Tenpenny,ttenpenny8@nymag.com,153-699-0163
10,Loutitia,Lackeye,llackeye9@si.edu,441-190-1316
11,Matthias,Duddan,mduddana@jimdo.com,117-362-5972
12,Chris,Traise,ctraiseb@loc.gov,850-503-5641
13,Karlens,Chaulk,kchaulkc@mysql.com,918-958-7251
14,Bernette,Leaton,bleatond@goo.gl,565-679-5900
15,Konstantine,Hotson,khotsone@fema.gov,497-668-5003
16,Teresina,Donohoe,tdonohoef@geocities.com,415-930-8819
17,Lesya,Stedmond,lstedmondg@bandcamp.com,863-131-6482
18,Angeli,Nichols,anicholsh@berkeley.edu,404-524-3402
19,Robby,Dain,rdaini@sakura.ne.jp,743-694-0083
20,Roana,Konneke,rkonnekej@last.fm,183-519-7677
