user_id,first_name,last_name,email,phone_number
1,Raffaello,Downgate,rdowngate0@businesswire.com,913-411-8332
2,Cyrille,Gillcrist,cgillcrist1@army.mil,637-480-8659
3,Nomi,McKeney,nmckeney2@list-manage.com,141-128-7708
4,Kasper,Benda,kbenda3@webmd.com,761-895-9852
5,Tatum,McIlory,tmcilory4@merriam-webster.com,987-908-1438
6,Kendrick,Holttom,kholttom5@dot.gov,535-905-9148
7,Alyss,Braker,abraker6@mozilla.com,919-492-0605
8,Andrus,Gadeaux,agadeaux7@e-recht24.de,862-556-8450
9,Ora,Munning,omunning8@examiner.com,712-339-0084
10,Isabelita,Sapshed,isapshed9@redcross.org,237-440-3308
11,Deeanne,Cragg,dcragga@clickbank.net,756-806-9482
12,Sanson,Rackstraw,srackstrawb@twitpic.com,457-662-5865
13,Harli,Alkins,halkinsc@skyrock.com,736-365-8195
14,Bette-ann,Bartali,bbartalid@moonfruit.com,249-900-7365
15,Taylor,Haggart,thaggarte@g.co,550-327-9312
16,Nelle,Girod,ngirodf@lulu.com,453-823-7328
17,Margarita,Ormston,mormstong@usatoday.com,913-258-5132
18,Lyndsie,Cowthard,lcowthardh@adobe.com,561-791-2098
19,Marty,Wilderspoon,mwilderspooni@state.gov,523-564-2160
20,Jessee,Piwell,jpiwellj@opera.com,342-747-6575
